CREATE DATABASE  IF NOT EXISTS `CheckInDB` /*!40100 DEFAULT CHARACTER SET utf8mb4 COLLATE utf8mb4_0900_ai_ci */ /*!80016 DEFAULT ENCRYPTION='N' */;
USE `CheckInDB`;
-- MySQL dump 10.13  Distrib 8.0.18, for Win64 (x86_64)
--
-- Host: 34.41.117.214    Database: CheckInDB
-- ------------------------------------------------------
-- Server version	8.0.34

/*!40101 SET @OLD_CHARACTER_SET_CLIENT=@@CHARACTER_SET_CLIENT */;
/*!40101 SET @OLD_CHARACTER_SET_RESULTS=@@CHARACTER_SET_RESULTS */;
/*!40101 SET @OLD_COLLATION_CONNECTION=@@COLLATION_CONNECTION */;
/*!50503 SET NAMES utf8 */;
/*!40103 SET @OLD_TIME_ZONE=@@TIME_ZONE */;
/*!40103 SET TIME_ZONE='+00:00' */;
/*!40014 SET @OLD_UNIQUE_CHECKS=@@UNIQUE_CHECKS, UNIQUE_CHECKS=0 */;
/*!40014 SET @OLD_FOREIGN_KEY_CHECKS=@@FOREIGN_KEY_CHECKS, FOREIGN_KEY_CHECKS=0 */;
/*!40101 SET @OLD_SQL_MODE=@@SQL_MODE, SQL_MODE='NO_AUTO_VALUE_ON_ZERO' */;
/*!40111 SET @OLD_SQL_NOTES=@@SQL_NOTES, SQL_NOTES=0 */;

--
-- Table structure for table `attendance`
--

DROP TABLE IF EXISTS `attendance`;
/*!40101 SET @saved_cs_client     = @@character_set_client */;
/*!50503 SET character_set_client = utf8mb4 */;
CREATE TABLE `attendance` (
  `id` varchar(100) NOT NULL,
  `sectionId` varchar(100) DEFAULT NULL,
  `netId` varchar(100) DEFAULT NULL,
  `attendStatus` int DEFAULT NULL COMMENT '1 present, 2 absent, 3 tardy',
  `classDate` bigint DEFAULT NULL,
  PRIMARY KEY (`id`),
  UNIQUE KEY `id_UNIQUE` (`id`)
) ENGINE=InnoDB DEFAULT CHARSET=utf8mb4 COLLATE=utf8mb4_0900_ai_ci;
/*!40101 SET character_set_client = @saved_cs_client */;

--
-- Dumping data for table `attendance`
--

LOCK TABLES `attendance` WRITE;
/*!40000 ALTER TABLE `attendance` DISABLE KEYS */;
INSERT INTO `attendance` VALUES ('1714427919077669','1712184198897338','ab7567',1,1714363200000),('1714427920715803','1712184198897338','cc123',2,1714363200000),('1714427967498261','1712184198897338','dc333',2,1714363200000),('1714427967622740','1712184198897338','fz808',2,1714363200000),('1714427967751456','1712184198897338','gr888',2,1714363200000),('171442796787713','1712184198897338','jl1101',2,1714363200000),('1714427968056462','1712184198897338','mb989',2,1714363200000),('1714427968179188','1712184198897338','mc565',2,1714363200000),('1714427968304792','1712184198897338','nh666',2,1714363200000),('1714427968428870','1712184198897338','nr076',2,1714363200000),('1714427968551224','1712184198897338','ns408',2,1714363200000),('171442796867593','1712184198897338','sp001',2,1714363200000),('1714427968797571','1712184198897338','td321',2,1714363200000),('1714427968921695','1712184198897338','th352',2,1714363200000),('1714427969044547','1712184198897338','xl396',2,1714363200000),('1714427969167983','1712184198897338','xl404',2,1714363200000),('1714427969290278','1712184198897338','yl954',1,1714363200000),('1714427969413346','1712184198897338','yl966',2,1714363200000),('1714427969535861','1712184198897338','yn777',2,1714363200000),('1714427969674727','1712184198897338','yy987',2,1714363200000);
/*!40000 ALTER TABLE `attendance` ENABLE KEYS */;
UNLOCK TABLES;

--
-- Table structure for table `course`
--

DROP TABLE IF EXISTS `course`;
/*!40101 SET @saved_cs_client     = @@character_set_client */;
/*!50503 SET character_set_client = utf8mb4 */;
CREATE TABLE `course` (
  `courseId` varchar(100) NOT NULL,
  `courseName` varchar(100) DEFAULT NULL,
  `status` int DEFAULT NULL COMMENT '0 active,1 inactive',
  PRIMARY KEY (`courseId`),
  UNIQUE KEY `courseId_UNIQUE` (`courseId`)
) ENGINE=InnoDB DEFAULT CHARSET=utf8mb4 COLLATE=utf8mb4_0900_ai_ci;
/*!40101 SET character_set_client = @saved_cs_client */;

--
-- Dumping data for table `course`
--

LOCK TABLES `course` WRITE;
/*!40000 ALTER TABLE `course` DISABLE KEYS */;
INSERT INTO `course` VALUES ('ECE 650','SYSTEMS PROGRAM & ENGINEERING',0),('ECE 651','SOFTWARE ENGINEERING',0),('ECE 653','HUMAN-CENTERED COMPUTING',0);
/*!40000 ALTER TABLE `course` ENABLE KEYS */;
UNLOCK TABLES;

--
-- Table structure for table `section`
--

DROP TABLE IF EXISTS `section`;
/*!40101 SET @saved_cs_client     = @@character_set_client */;
/*!50503 SET character_set_client = utf8mb4 */;
CREATE TABLE `section` (
  `sectionId` varchar(100) NOT NULL,
  `sectionName` varchar(100) DEFAULT NULL,
  `courseId` varchar(100) DEFAULT NULL,
  `facultyId` varchar(100) DEFAULT NULL,
  `status` int DEFAULT NULL COMMENT '0 active,1 inactive',
  PRIMARY KEY (`sectionId`),
  UNIQUE KEY `sectionId_UNIQUE` (`sectionId`)
) ENGINE=InnoDB DEFAULT CHARSET=utf8mb4 COLLATE=utf8mb4_0900_ai_ci;
/*!40101 SET character_set_client = @saved_cs_client */;

--
-- Dumping data for table `section`
--

LOCK TABLES `section` WRITE;
/*!40000 ALTER TABLE `section` DISABLE KEYS */;
INSERT INTO `section` VALUES ('1712179239245265','ece651-1','ECE 651','lg222',0),('1712179395889205','ece651-2','ECE 651','ts666',0),('1712184198897338','ece650-1','ECE 650','lg222',0),('1712335514744748','ece650-2','ECE 650','lg222',0),('1712353092370275','ece653','ECE 653','tc986',0);
/*!40000 ALTER TABLE `section` ENABLE KEYS */;
UNLOCK TABLES;

--
-- Table structure for table `sectionStudent`
--

DROP TABLE IF EXISTS `sectionStudent`;
/*!40101 SET @saved_cs_client     = @@character_set_client */;
/*!50503 SET character_set_client = utf8mb4 */;
CREATE TABLE `sectionStudent` (
  `id` varchar(100) NOT NULL,
  `sectionId` varchar(100) DEFAULT NULL,
  `netId` varchar(100) DEFAULT NULL,
  `notifyStatus` int DEFAULT NULL COMMENT '0 active,1 inactive',
  `status` int DEFAULT NULL COMMENT '0 active,1 inactive',
  PRIMARY KEY (`id`),
  UNIQUE KEY `id_UNIQUE` (`id`)
) ENGINE=InnoDB DEFAULT CHARSET=utf8mb4 COLLATE=utf8mb4_0900_ai_ci;
/*!40101 SET character_set_client = @saved_cs_client */;

--
-- Dumping data for table `sectionStudent`
--

LOCK TABLES `sectionStudent` WRITE;
/*!40000 ALTER TABLE `sectionStudent` DISABLE KEYS */;
INSERT INTO `sectionStudent` VALUES ('1714426552976620','1712184198897338','xl404',0,0),('1714426573183115','1712184198897338','xl396',0,0),('171442661500464','1712184198897338','yl954',0,0),('1714426629998868','1712184198897338','jl1101',0,0),('1714427367574935','1712184198897338','dc333',0,0),('1714427657891574','1712184198897338','ab7567',0,0),('1714427658984410','1712184198897338','cc123',0,0),('1714427660790986','1712184198897338','fz808',0,0),('1714427661872891','1712184198897338','gr888',0,0),('1714427664002714','1712184198897338','mb989',0,0),('171442766505835','1712184198897338','mc565',0,0),('1714427666126842','1712184198897338','nh666',0,0),('1714427667188140','1712184198897338','nr076',0,0),('1714427668239203','1712184198897338','ns408',0,0),('1714427669311852','1712184198897338','sp001',0,0),('171442767072540','1712184198897338','td321',0,0),('1714427671770105','1712184198897338','th352',0,0),('1714427675277903','1712184198897338','yl966',0,0),('1714427676630839','1712184198897338','yn777',0,0),('1714427677702444','1712184198897338','yy987',0,0),('1714427800248558','1712335514744748','ns408',0,0),('1714427801298822','1712335514744748','sp001',0,0),('1714427802694165','1712335514744748','td321',0,0),('1714427803741664','1712335514744748','th352',0,0),('171442780514744','1712335514744748','xl396',0,0),('171442780619424','1712335514744748','xl404',0,0),('171442780723381','1712335514744748','yl954',0,0),('1714427808280173','1712335514744748','yl966',0,0),('171442780931962','1712335514744748','yn777',0,0),('1714427810363135','1712335514744748','yy987',0,0),('1714427864697170','1712179239245265','ns408',0,0),('1714427865739492','1712179239245265','sp001',0,0),('1714427867120432','1712179239245265','td321',0,0),('1714427868161783','1712179239245265','th352',0,0),('1714427869547288','1712179239245265','xl396',0,0),('1714427870595627','1712179239245265','xl404',0,0),('171442787165984','1712179239245265','yl954',0,0),('1714427872700281','1712179239245265','yl966',0,0),('1714427873740876','1712179239245265','yn777',0,0),('1714427874791595','1712179239245265','yy987',0,0),('1714427946344394','1712179395889205','sp001',0,0),('1714427947402285','1712179395889205','td321',0,0),('1714427948451891','1712179395889205','th352',0,0),('1714427949851606','1712179395889205','xl396',0,0),('1714427950892180','1712179395889205','xl404',0,0),('1714427951937110','1712179395889205','yl954',0,0),('1714427952970908','1712179395889205','yl966',0,0),('1714427954029690','1712179395889205','yn777',0,0),('1714427955078226','1712179395889205','yy987',0,0),('1714428018549221','1712353092370275','sp001',0,0),('1714428019595491','1712353092370275','td321',0,0),('1714428020646272','1712353092370275','th352',0,0),('1714428022058455','1712353092370275','xl396',0,0),('17144280230904','1712353092370275','xl404',0,0),('1714428024136146','1712353092370275','yl954',0,0),('1714428025183462','1712353092370275','yl966',0,0),('1714428026219640','1712353092370275','yn777',0,0),('1714428027268866','1712353092370275','yy987',0,0),('1714428059974825','1712353092370275','jl1101',0,0),('1714428078188166','1712179239245265','jl1101',0,0),('1714428090600932','1712179395889205','jl1101',0,0),('1714428115862226','1712335514744748','jl1101',0,0);
/*!40000 ALTER TABLE `sectionStudent` ENABLE KEYS */;
UNLOCK TABLES;

--
-- Table structure for table `user`
--

DROP TABLE IF EXISTS `user`;
/*!40101 SET @saved_cs_client     = @@character_set_client */;
/*!50503 SET character_set_client = utf8mb4 */;
CREATE TABLE `user` (
  `netId` varchar(100) NOT NULL,
  `type` int DEFAULT NULL COMMENT '0 faculty, 1 student',
  `userName` varchar(100) DEFAULT NULL,
  `displayName` varchar(100) DEFAULT NULL,
  `password` varchar(100) DEFAULT NULL,
  `email` varchar(100) DEFAULT NULL,
  `status` int DEFAULT NULL COMMENT '0 active,1 inactive',
  PRIMARY KEY (`netId`),
  UNIQUE KEY `netId_UNIQUE` (`netId`)
) ENGINE=InnoDB DEFAULT CHARSET=utf8mb4 COLLATE=utf8mb4_0900_ai_ci;
/*!40101 SET character_set_client = @saved_cs_client */;

--
-- Dumping data for table `user`
--

LOCK TABLES `user` WRITE;
/*!40000 ALTER TABLE `user` DISABLE KEYS */;
INSERT INTO `user` VALUES ('ab7567',1,'Amelia Balunuy','Amelia','xMpCOKC5I4INzFCab3WEmw==','ab7576',0),('cc123',1,'Cecelia Can','Celia','xMpCOKC5I4INzFCab3WEmw==','cc123@duke.edu',0),('dc333',1,'Dabai Cai','Dada','xMpCOKC5I4INzFCab3WEmw==','dc333',0),('fz808',1,'Fangqi Zhang','Fang','xMpCOKC5I4INzFCab3WEmw==','fz808@duke.edu',0),('gr888',1,'Guobao Rou','Guobao Rou','xMpCOKC5I4INzFCab3WEmw==','gr888@duke.edu',0),('jl1101',1,'Jones Larry','Larry','xMpCOKC5I4INzFCab3WEmw==','jl1101',0),('lg222',0,'Lady Gaga','Gaga','xMpCOKC5I4INzFCab3WEmw==','lg222',0),('mb989',1,'Meigancai Baozi','Meigancai','xMpCOKC5I4INzFCab3WEmw==','mb989',0),('mc565',1,'Mogu Chaomian','Mogu','xMpCOKC5I4INzFCab3WEmw==','mc565',0),('nh666',1,'Niuyou Huoguo','Yammy','xMpCOKC5I4INzFCab3WEmw==','nh666',0),('nr076',1,'Neha Reddy','Neha','xMpCOKC5I4INzFCab3WEmw==','nr076',0),('ns408',1,'Nikhil Sharma','Niki','xMpCOKC5I4INzFCab3WEmw==','ns408@duke.edu',0),('sp001',1,'ShuizhuRou Pian','ShuizhuRou Pian','xMpCOKC5I4INzFCab3WEmw==','sp001',0),('tc986',0,'Timothee Hal Chalamet','Timmy','xMpCOKC5I4INzFCab3WEmw==','ts986',0),('td321',1,'Tudou Dunrou','Tudou','xMpCOKC5I4INzFCab3WEmw==','td321',0),('th352',1,'Thanthon Height','Than','xMpCOKC5I4INzFCab3WEmw==','th352',0),('ts666',0,'Taylor Swift','Taylor','xMpCOKC5I4INzFCab3WEmw==','ts666@duke.edu',0),('xl396',1,'Xinyi Li','Xinyi','xMpCOKC5I4INzFCab3WEmw==','xl396@duke.edu',0),('xl404',1,'Xinyue Li','Xinyue','xMpCOKC5I4INzFCab3WEmw==','xl404',0),('yl954',1,'Yuanzhi Lou','Yuanzhi','xMpCOKC5I4INzFCab3WEmw==','yl954',0),('yl966',1,'YangzhiGan Lu','Yang','xMpCOKC5I4INzFCab3WEmw==','yl966',0),('yn777',1,'Yolanda New','Yolanda New','xMpCOKC5I4INzFCab3WEmw==','yn777@duke.edu',0),('yy987',1,'Yvonne Yan','Yvy','xMpCOKC5I4INzFCab3WEmw==','yy987',0);
/*!40000 ALTER TABLE `user` ENABLE KEYS */;
UNLOCK TABLES;
/*!40103 SET TIME_ZONE=@OLD_TIME_ZONE */;

/*!40101 SET SQL_MODE=@OLD_SQL_MODE */;
/*!40014 SET FOREIGN_KEY_CHECKS=@OLD_FOREIGN_KEY_CHECKS */;
/*!40014 SET UNIQUE_CHECKS=@OLD_UNIQUE_CHECKS */;
/*!40101 SET CHARACTER_SET_CLIENT=@OLD_CHARACTER_SET_CLIENT */;
/*!40101 SET CHARACTER_SET_RESULTS=@OLD_CHARACTER_SET_RESULTS */;
/*!40101 SET COLLATION_CONNECTION=@OLD_COLLATION_CONNECTION */;
/*!40111 SET SQL_NOTES=@OLD_SQL_NOTES */;

-- Dump completed on 2024-04-29 18:09:42
